polly.ester,pollysPerfectPassword12
justin.time,i.da.nick.of.time
hugh.morus,laughingMedicine13
jackson.five,classicSongs55
harry.potter,magic_p@ssword
marty.mcfly,back2theFuture
passwordismypassword,password
ada.boye,firststamp25
hal.apeno,messypoint99
patti.cake,whitedoe34
joe.king,tallpanda49
hugh.demann,curlyspark63
frank.lee,loudnumber23
ivanna.karr,wisering81
bobby.newport,shinyferret33
frank.sinatra,darkland60
miloh.minute,newsteel95
tiny.dino.hands,hugeseal63
candyLover3,iEatC4ndy
jim.nasium,shortwolf97
pat.t.dog,mistywater19
bob.the.builder,blackwater43
bruce.wayne,cutemustang34
holly.wood,bravecake22
jack.pott,messytest39
al.e.gator,smartred56
don.keigh,bestowl78
kay.oss,zanysoda99
levy.tate,itchywing41
felix.cited,lumpyram50
frank.n.stein,fuzzyerror34
max.e.mumm,redWingDino123
robyn.banks,thinend62
miles.ayhead,cuteactor75
mel.n.colley,tallgopher60
stan.dupp,fancymoney99
earl.e.bird,greatmonth66
dinah.myte,bluething49
chester.minit,wiseshoe45
ella.vader,fancypatch60
amy.stake,jollysleep51
tim.burr,bluegate87
ty.prater,curlyblob51
zoltan.pepper,windymint49
gene.yuss,bumpyrain91
catFan11,thinloaf94
bill.nye,sc1ence_g4y
alex.u.acquestyun,crayonRainbow25
tommy.gunn,pastaTank93
kara.t.chop,dangerWaffle49